{
  "train_size": 2997975,
  "train_fraudes": 106,
  "test_size": 1284847,
  "test_fraudes": 46,
  "fraudes_detectees_test": 58,
  "precision": 0.7586206896551724,
  "recall": 0.9565217391304348,
  "f1": 0.8461538461538461,
  "auc": 0.9999949746912252,
  "confusion_matrix": {
    "vrai_negatif": 1284787,
    "faux_positif": 14,
    "faux_negatif": 2,
    "vrai_positif": 44
  }
}